,Date-Time,Latitude,Depth,Mag,Location
0,30 November 2018 - 09:48 PM,126.13,076,2.5,060 km S 71° E of Jose Abad Santos (Davao Occidental)
1,30 November 2018 - 09:13 PM,126.26,025,2.5,012 km S 70° E of General Luna (Surigao Del Norte)
2,30 November 2018 - 09:12 PM,122.42,032,2.2,066 km S 22° W of Basay (Negros Oriental)
3,30 November 2018 - 08:35 PM,120.40,067,2.0,025 km N 41° E of Looc (Occidental Mindoro)
4,30 November 2018 - 08:16 PM,126.41,022,2.1,016 km N 17° W of Cateel (Davao Oriental)
5,30 November 2018 - 07:03 PM,126.55,048,2.8,104 km S 81° E of Jose Abad Santos (Davao Occidental)
6,30 November 2018 - 06:00 PM,126.54,023,2.7,044 km N 74° E of General Luna (Surigao Del Norte)
7,30 November 2018 - 04:54 PM,121.36,026,2.2,007 km S 50° W of Socorro (Oriental Mindoro)
8,30 November 2018 - 04:54 PM,121.86,033,2.0,007 km N 18° E of Buguey (Cagayan)
9,30 November 2018 - 04:09 PM,120.13,021,2.1,015 km S 48° E of Subic (Zambales)
10,30 November 2018 - 03:16 PM,125.79,108,2.7,020 km S 80° E of Jose Abad Santos (Davao Occidental)
11,30 November 2018 - 02:23 PM,122.23,009,2.8,009 km S 25° W of Romblon (Romblon)
12,30 November 2018 - 01:44 PM,125.33,036,2.7,018 km N 30° E of Pintuyan (Southern Leyte)
13,30 November 2018 - 12:18 PM,126.34,003,2.8,011 km N 34° E of Bayabas (Surigao del Sur)
14,30 November 2018 - 11:16 AM,126.23,019,3.5,018 km N 71° E of Burgos (Surigao del Norte)
15,30 November 2018 - 05:19 AM,126.61,060,2.6,139 km S 65° E of Sarangani (Davao Occidental)
16,30 November 2018 - 05:16 AM,126.00,030,2.1,012 km N 76° E of Pantukan (Compostela Valley)
17,30 November 2018 -02:18 AM,126.67,009,3.0,074 km N 62° E of Burgos (Surigao Del Norte)
18,30 November 2018 - 01:05 AM,126.75,102,4.2,215 km S 41° E of Sarangani (Davao Occidental)
19,30 November 2018 - 12:28 AM,125.42,146,2.6,092 km S 04° W of Sarangani (Davao Occidental)
20,30 November 2018 - 12:07 AM,126.96,194,2.4,106 km S 32° E of Tarragona (Davao Oriental)
21,29 November 2018 - 08:52 PM,126.11,011,2.6,004 km S 34° E of San Isidro (Surigao del Norte)
22,29 November 2018 - 07:56 PM,120.32,018,2.5,022 km S 89° E of Lubang (Occidental Mindoro)
23,29 November 2018 - 07:52 PM,122.51,018,2.4,057 km N 34° E of Patnanungan (Quezon)
24,29 November 2018 - 06:51 PM,123.81,006,3.1,030 km S 67° W of Kalamansig (Sultan Kudarat)
25,29 November 2018 - 06:47 PM,123.70,001,3.5,047 km S 57° W of Kalamansig (Sultan Kudarat)
26,29 November 2018 - 05:06 PM,126.81,107,2.4,031 km S 60° E of Baganga (Davao Oriental)
27,29 November 2018 - 04:06 PM,126.70,190,3.9,214 km S 07° E of Sarangani (Davao Occidental)
28,29 November 2018 - 02:40 PM,126.69,014,2.5,030 km N 59° E of Cateel (Davao Oriental)
29,29 November 2018 - 02:21 PM,126.39,095,2.7,051 km S 43° E of Governor Generoso (Davao Oriental)
30,29 November 2018 - 10:42 AM,120.52,112,2.3,013 km S 77° W of Calatagan (Batangas)
31,29 November 2018 - 09:38 AM,125.56,008,3.4,238 km S 02° E of Sarangani (Davao Occidental)
32,29 November 2018 - 06:43 AM,124.61,001,1.8,010 km N 83° E of Mabini (Bohol)
33,29 November 2018 - 04:30 AM,127.30,077,4.0,214 km S 71° E of Sarangani (Davao Occidental)
34,29 November 2018 - 04:05 AM,126.360,02,3.1,029 km S 50° E of General Luna (Surigao del Norte)
35,29 November 2018 - 03:52 AM,126.03,020,2.2,029 km N 10° W of Burgos (Surigao del Norte)
36,29 November 2018 - 03:42 AM,125.98,025,2.7,035 km S 64° E of Don Marcelino (Davao Occidental)
37,29 November 2018 - 02:58 AM,126.07,006,3.3,045 km N 00° E of Burgos (Surigao del Norte)
38,29 November 2018 - 02:52 AM,126.16,017,3.5,040 km N 15° E of Burgos (Surigao del Norte)
39,29 November 2018 - 12:22 AM,122.19,004,2.2,051 km S 35° E of Anini-y (Antique)
40,29 November 2018 - 12:08 AM,126.34,026,3.4,056 km S 32° E of Governor Generoso (Davao Oriental)
41,28 November 2018 - 10:43 PM,125.13,031,2.1,009 km N 73° E of Libagon (Southern Leyte)
42,28 November 2018 - 10:18 PM,126.84,026,2.5,049 km N 74° E of Lingig (Surigao Del Sur)
43,28 November 2018 - 10:13 PM,123.69,028,2.0,013 km S 31° W of Panglao (Bohol)
44,28 November 2018 - 10:04 PM,121.34,017,2.8,020 km S 41° W of Calayaan (Cagayan)
45,28 November 2018 - 09:25 PM,119.14,023,1.9,081 km S 82° W of Bolinao (Pangasinan)
46,28 November 2018 - 09:19 PM,119.95,034,1.8,013 km S 61° W of San Narciso (Zambales)
47,28 November 2018 - 08:57 PM,121.78,033,2.1,049 km N 42° E of Calayaan (Cagayan)
48,28 November 2018 - 07:13 PM,126.37,006,2.8,080 km S 68° E of Don Marcelino (Davao Occidental)
49,28 November 2018 - 05:06 PM,126.12,024,1.8,011 km N 72° W of San Agustin (Surigao Del Sur)
50,28 November 2018 - 12:45 PM,123.57,028,2.6,005 km N 53° E of Dalaguete (Cebu)
51,28 November 2018 - 11:02 AM,120.35,018,2.3,017 km N 51° W of Paluan (Occidental Mindoro)
52,28 November 2018 - 10:13 AM,120.38,120,2.4,015 km S 80° E of Looc (Occidental Mindoro)
53,28 November 2018 - 10:04 AM,126.14,005,2.2,009 km N 12° E of Maragusan (San Mariano) (Compostella Valley)
54,28 November 2018 - 10:01 AM,120.03,014,2.9,045 km S 82° W of Candon City (Ilocos Sur)
55,28 November 2018 - 08:47 AM,125.98,033,2.2,033 km S 40° E of Talacogon (Agusan del Sur)
56,28 November 2018 - 07:41 AM,126.82,034,2.8,129 km S 39° E of Governor Generoso (Davao Occidental)
57,28 November 2018 - 04:00 AM,122.22,030,2.3,060 km S 31° W of Hinoba-an (Negros Occidental)
58,28 November 2018 - 03:53 AM,120.75,031,2.6,008 km S 39° E of Manabo (Abra)
59,28 November 2018 - 03:42 AM,126.31,136,2.4,074 km S 68° E of Don Marcelino (Davao Occidental)
60,28 November 2018 - 03:31 AM,120.58,024,2.4,022 km S 14° W of Calatagan (Batangas)
61,28 November 2018 - 03:28 AM,126.95,020,3.0,048 km S 74° E of Manay (Davao Oriental)
62,28 November 2018 - 02:25 AM,121.07,013,2.4,046 km N 01° W of Claveria (Cagayan)
63,28 November 2018 - 01:21 AM,125.40,001,2.1,004 km S 24° W of San Francisco (Anao-aon)  (Surigao del Norte)
64,28 November 2018 - 12:20 AM,125.68,013,3.3,010 km S 78° E of Remedios Romualdez (Agusan del Norte)
65,28 November 2018 - 12:04 AM,122.75,024,2.4,017 km N 87° E of Candoni (Negros Occidental)
66,27 November 2018 - 10:36 PM,119.80,033,2.1,037 km S 69° W of Lubang (Occidental Mindoro)
67,27 November 2018 - 09:44 PM,119.98,028,2.0,013 km S 56° W of San Narciso (Zambales)
68,27 November 2018 - 07:36 PM,124.83,001,2.8,009 km N 76° E of Wao (Lanao Del Sur)
69,27 November 2018 - 06:06 PM,126.58,001,3.5,071 km N 51° E of Burgos (Surigao Del Norte)
70,27 November 2018 - 03:16 PM,122.68,019,3.1,039 km N 83° W of Jose Dalman (Ponot) (Zamboanga Del Norte)
71,27 November 2018 - 12:10 PM,121.71,001,2.7,035 km S 80° E of Dingalan (Aurora)
72,27 November 2018 - 07:03 AM,119.84,013,3.3,024 km S 84° W of San Felipe (Zambales)
73,27 November 2018 - 06:48 AM,126.02,001,2.1,006 km S 28° W of Santa Josefa (Agusan Del Sur)
74,27 November 2018 - 06:45 AM,123.68,065,2.7,042 km S 83° W of Kalamansig (Sultan Kudarat)
75,27 November 2018 - 06:32 AM,119.58,033,2.7,025 km S 45° W of Lubang (Occidental Mindoro)
76,27 November 2018 - 06:18 AM,124.12,022,2.7,003 km N 88° E of Sagbayan (Bohol)
77,27 November 2018 - 05:47 AM,122.70,001,2.5,043 km S 59° W of Siaton  (Negros Oriental)
78,27 November 2018 - 05:36 AM,126.00,058,3.5,140 km S 25° E of Sarangani  (Davao Occidental)
79,27 November 2018 - 03:50 AM,125.25,033,2.3,011 km S 07° W of Anahawan  (Southern Leyte)
80,27 November 2018 - 03:48 AM,126.22,021,3.0,029 km S 32° E of Governor Generoso  (Davao Oriental)
81,27 November 2018 - 02:00 AM,128.26,204,4.6,392 km S 52° E of Sarangani  (Davao Occidental)
82,27 November 2018 - 01:25 AM,126.36,003,2.2,022 km S 24° E of Bayabas (Surigao Del Sur)
83,26 November 2018 - 11:48 PM,119.97,026,2.1,005 km N 59° E of Candelaria (Zambales)
84,26 November 2018 - 08:40 PM,121.79,001,2.7,034 km S 81° E of Famy (Laguna)
85,26 November 2018 - 07:27 PM,121.80,001,2.4,045 km S 85° E of Dingalan (Aurora)
86,26 November 2018 - 07:18 PM,126.83,116,2.9,113 km S 48° E of Governor Generoso (Davao Occidental)
87,26 November 2018 - 06:45 PM,122.36,014,2.5,004 km N 57° W of Leon (Iloilo)
88,26 November 2018 - 06:57 AM,126.15,021,2.2,027 km S 02° W of General Luna (Surigao Del Norte)
89,26 November 2018 - 04:35 AM,120.08,015,3.7,003 km N 31° E of San Felipe (Zambales)
90,26 November 2018 - 04:04 AM,122.33,014,2.7,018 km N 83° W of Hinoba-an (Negros Occidental)
91,26 November 2018 - 02:57 AM,126.11,150,3.2,057 km N 71° E of Jose Abad Santos (Davao Occidental)
92,26 November 2018 - 01:44 AM,126.31,008,2.6,026 km S 38° E of General Luna (Surigao Del Norte)
93,25 November 2018 - 11:10 PM,126.69,001,3.8,091 km N 48° E of Burgos (Surigao Del Norte)
94,25 November 2018 - 09:10 PM,126.68,153,2.4,025 km S 38° E of Manay (Davao Oriental)
95,25 November 2018 - 07:29 PM,121.00,001,3.0,034 km S 83° E of Nueva Era (Ilocos Norte)
96,25 November 2018 - 07:22 PM,120.90,019,2.6,028 km S 53° E of Marcos (Ilocos Norte)
97,25 November 2018 - 07:04 PM,125.08,097,3.1,046 km S 67° W of Sarangani (Davao Occidental)
98,25 November 2018 - 05:21 PM,120.87,011,4.5,021 km N 75° E of Nueva Era (Ilocos Norte)
99,25 November 2018 - 05:03 PM,119.88,045,2.2,009 km S 55° W of Masinloc (Zambales)
100,25 November 2018 - 02:16 PM,125.28,031,2.0,005 km S 28° E of Anahawan (Southern Leyte)
101,25 November 2018 - 09:50 AM,126.90,012,2.6,057 km N 71° E of Lingig (Surigao del Sur)
102,25 November 2018 - 08:10 AM,125.71,037,3.4,125 km N 31° E of Palapag (Northern Samar)
103,25 November 2018 - 02:49 AM,124.61,042,3.7,103 km N 28° E of Pandan (Catanduanes)
104,24 November 2018 - 10:32 PM,126.24,138,3.5,057 km S 18° E of Governor Generoso (Davao Oriental)
105,24 November 2018 - 09:35 PM,119.31,086,2.2,097 km S 65° W of Lubang (Occidental Mindoro)
106,24 November 2018 - 09:13 PM,120.26,088,2.1,017 km S 02° E of Looc (Occidental Mindoro)
107,24 November 2018 - 07:56 PM,125.80,018,2.2,018 km N 54° E of Cagdiano (Dinagat)
108,24 November 2018 - 03:33 PM,120.77,143,2.2,021 km N 13° E of Abra de Ilog (Occidental Mindoro)
109,24 November 2018 - 12:49 PM,126.12,130,4.1,048 km S 78° E of Don Marcelino (Davao Occidental)
110,24 November 2018 - 10:14 AM,126.11,019,2.9,009 km S 27° E of Governor Generoso (Davao Oriental)
111,24 November 2018 - 07:25 AM,125.61,016,2.8,007 km S 32° E of Kitcharao (Agusan Del Norte)
112,24 November 2018 - 06:23 AM,124.97,005,2.3,065 km S 83° E of Baras (Catanduanes)
113,24 November 2018 - 06:11 AM,120.86,001,3.2,017 km N 49° W of Bontoc (Mountain Province)
114,24 November 2018 - 04:14 AM,126.22,066,2.7,079 km S 58° E of Jose Abad Santos (Davao Occidental)
115,24 November 2018 - 03:32 AM,121.35,014,2.4,057 km S 73° W of Sabtang (Batanes)
116,24 November 2018 - 02:52 AM,126.94,094,3.0,145 km S 41° E of Governor Generoso (Davao Oriental)
117,24 November 2018 - 01:43 AM,122.28,012,2.5,014 km S 72° W of Sipalay (Negros Occidental)
118,24 November 2018 - 12:39 AM,126.77,016,2.4,035 km N 40° E of Baganga (Davao Oriental)
119,24 November 2018 - 12:07 AM,126.19,026,2.9,082km S 69° E of Dolores (Eastern Samar)
120,24 November 2018 - 12:06 AM,119.75,032,2.0,020 km S 56° W of Santa Cruz (Zambales)
121,24 November 2018 - 12:00 AM,124.79,073,4.3,239 km S 18° W of Sarangani (Davao Occidental)
122,23 November 2018 - 11:14 PM,126.48,033,2.4,046 km S 77° E of Governor Generoso (Davao Oriental)
123,23 November 2018 - 10:47 PM,124.01,006,2.3,014 km S 21° W of Kalamansig (Sultan Kudarat)
124,23 November 2018 - 09:50 PM,120.09,015,3.0,025 km S 43° W of Looc (Occidental Mindoro)
125,23 November 2018 - 09:02 PM,123.83,001,2.0,029 km S 59° W of Kalamansig (Sultan Kudarat)
126,23 November 2018 - 08:37 PM,124.61,027,2.0,036 km N 47° E of Biri (Northern Samar)
127,23 November 2018 - 07:24 PM,125.40,036,2.9,112 km S 87° E of Baras (Catanduanes)
128,23 November 2018 - 06:52 PM,123.90,028,2.0,028 km S 40° W of Kalamansig (Sultan Kudarat)
129,23 November 2018 - 06:16 PM,123.78,001,2.5,039 km S 53° W of Kalamansig (Sultan Kudarat)
130,23 November 2018 - 04:30 PM,122.52,003,2.1,023 km S 01° E of San Francisco (Aurora) (Quezon)
131,23 November 2018 - 10:49 AM,126.34,001,2.8,056 km N 32° E of Burgos (Surigao Del Norte)
132,23 November 2018 - 08:49 AM,124.27,100,2.3,014 km N 49° W of Biri (Northern Samar)
133,23 November 2018 - 07:28 AM,126.08,001,2.8,015 km S 19° W of Maragusan (San Mariano) (Compostela Valley)
134,23 November 2018 - 07:25 AM,123.23,010,2.0,030  km S 71° E of Silay City (Negros Occidental)
135,23 November 2018 - 06:50 AM,124.73,289,3.8,230  km S 21° W of Sarangani (Davao Occidental)
136,23 November 2018 - 04:00 AM,126.22,022,2.2,016  km N 10° E of Cortes (Surigao del Sur)
137,23 November 2018 - 03:09 AM,126.40,031,2.7,016  km S 46° E of Marihatag (Surigao del Sur)
138,23 November 2018 - 12:30 AM,126.41,026,3.3,076  km N 30° E of Burgos (Surigao del Norte)
139,23 November 2018 - 12:00 AM,127.04,014,3.0,070  km S 70° E of Tarragona (Davao Oriental)
140,23 November 2018 - 12:00 AM,127.01,011,2.1,069  km S 64° E of Tarragona (Davao Oriental)
141,22 November 2018 - 11:56 PM,125.26,027,1.7,013  km S 36° E of Hinunangan (Southern Leyte)
142,22 November 2018 - 11:26 PM,120.18,053,2.2,019  km N 74° W of Bacnotan (La Union)
143,22 November 2018 - 11:05 PM,120.02,031,2.7,035  km S 45° W of Looc (Occidental Mindoro)
144,22 November 2018 - 08:44 PM,120.64,130,2.4,005  km S 10° E of Calatagan (Batangas)
145,22 November 2018 - 08:07 PM,120.02,033,1.9,024  km N 25° E of Candelaria (Zambales)
146,22 November 2018 - 07:17 PM,127.04,199,3.5,124 km S 59° E of Governor Generoso (Davao Oriental)
147,22 November 2018 - 06:25 PM,123.18,024,2.7,011 km S 54° W of Dauin (Negros Oriental)
148,22 November 2018 - 04:49 PM,125.19,001,2.4,003 km S 04° W of Hinundayan (Southern Leyte)
149,22 November 2018 - 11:54 AM,127.04,012,2.9,071 km S 52° E of Manay (Davao Oriental)
150,22 November 2018 - 11:52 AM,126.81,032,2.6,042 km S 45° E of Manay (Davao Oriental)
151,22 November 2018 - 11:13 AM,126.94,014,2.8,056 km S 54° E of Manay (Davao Oriental)
152,22 November 2018 - 10:58 AM,127.11,075,3.1,075 km S 58° E of Manay (Davao Oriental)
153,22 November 2018 - 10:35 AM,127.02,001,2.8,069 km S 67° E of Tarragona (Davao Oriental)
154,22 November 2018 - 09:27 AM,120.29,014,2.2,013 km S 21° E of Looc (Occidental Mindoro)
155,22 November 2018 - 08:34 AM,119.96,021,1.9,017 km N 87° W of Lubang (Occidental Mindoro)
156,22 November 2018 - 08:11 AM,120.49,102,3.0,016 km S 79° W of Calatagan (Batangas)
157,22 November 2018 - 05:49 AM,125.09,008,2.3,077 km S 34° W of Sarangani (Davao Occidental)
158,22 November 2018 - 04:35 AM,126.41,106,2.0,079 km S 28° E of Governor Generoso (Davao Oriental)
159,22 November 2018 - 04:23 AM,121.65,008,2.0,012 km S 48° E of Baler (Aurora)
160,22 November 2018 - 02:34 AM,122.46,004,3.0,011 km N 32° E of Sipalay (Negros Occidental)
161,22 November 2018 - 01:15 AM,126.49,051,3.5,014 km S 39° E of Lingig (Surigao Del Sur)
162,22 November 2018 - 12:24 AM,123.76,001,2.6,038 km S 60° W of Kalamansig (Sultan Kudarat)
163,21 November 2018 - 11:53 PM,126.33,070,3.6,009 km S 88° W of Lingig (Surigao del Sur)
164,21 November 2018 - 11:16 PM,124.81,029,2.5,027 km S 54° W of Maasim (Sarangani)
165,21 November 2018 - 11:07 PM,125.29,001,2.6,004 km N 86° E of Hinundayan (Southern Leyte)
166,21 November 2018 - 10:54 PM,120.72,087,2.0,013 km N 01° W of Santa Cruz (Occidental Mindoro)
167,21 November 2018 - 10:05 PM,124.82,008,2.0,027 km S 77° E of Anda (Bohol)
168,21 November 2018 - 10:00 PM,123.16,017,3.0,003 km S 38° W Tayasan (Negros Oriental)
169,21 November 2018 - 08:40 PM,122.25,002,1.9,050 km N 04° E Patnanungan (Quezon)
170,21 November 2018 - 08:04 PM,126.46,046,1.8,110 km S 84° E Sarangani (Davao Occidental)
171,21 November 2018 - 08:01 PM,120.43,104,1.9,025 km N 63° W Calatagan (Batangas)
172,21 November 2018 - 07:54 PM,126.70,034,2.1,044 km S 77° E Marihatag (Surigao Del Sur)
173,21 November 2018 - 05:12 PM,123.83,013,1.9,020 km N 36° W Caramoan (Camarines Sur)
174,21 November 2018 - 04:23 PM,123.25,031,2.3,041 km S 27° W Tabina (Zamboanga Del Sur)
175,21 November 2018 - 03:00 PM,125.61,034,2.7,123 km S 07° E Sarangani (Davao Occidental)
176,21 November 2018 - 12:20 PM,124.10,004,2.1,014 km S 79° E Sen. Ninoy Aquino (Sultan Kudarat)
177,21 November 2018 - 10:28 AM,120.62,119,2.6,020 km S 05° W Calatagan (Batangas)
178,21 November 2018 - 05:03 AM,119.85,032,1.7,008 km S 52° W Palauig (Zambales)
179,21 November 2018 - 04:57 AM,125.72,118,2.2,023 km S 29° E Jose Abad Santos (Davao Occidental)
180,21 November 2018 - 04:30 AM,120.19,016,1.9,023 km S 17° W Looc (Occidental Mindoro)
181,21 November 2018 - 03:19 AM,128.52,124,4.0,434 km S 51° E Sarangani (Davao Occidental)
182,21 November 2018 - 03:07 AM,119.86,021,2.1,057 km S 47° W Looc (Occidental Mindoro)
183,21 November 2018 - 02:52 AM,125.33,025,2.3,020 km S 50° W Sarangani (Davao Occidental)
184,21 November 2018 - 02:50 AM,121.50,022,2.0,033 km N 06° E Calayan (Cagayan)
185,21 November 2018 - 02:40 AM,121.59,003,2.6,035 km S 36° E San Juan (Batangas)
186,21 November 2018 - 01:57 AM,120.48,029,2.1,004 km S 49° E Lapog (San Juan) (Ilocos Sur)
187,21 November 2018 - 01:38 AM,126.46,010,4.2,234 km S 28° E Sarangani (Davao Occidental)
188,21 November 2018 - 01:36 AM,126.26,009,2.8,015 km N 50° E General Luna (Surigao Del Norte)
189,21 November 2018 - 01:01 AM,126.14,003,3.0,007 km N 15° W General Luna (Surigao Del Norte)
190,21 November 2018 - 12:59 AM,126.22,013,4.1,011 km N 36° E General Luna (Surigao Del Norte)
191,21 November 2018 - 12:34 AM,124.81,006,2.8,006 km N 66° E Wao (Lanao Del Sur)
192,20 November 2018 - 11:48 PM,121.54,004,2.6,028 km S 34° E San Juan (Batangas)
193,20 November 2018 - 07:29 PM,121.55,023,2.1,024 km S 42° E of San Juan (Batangas)
194,20 November 2018 - 07:15 PM,126.58,023,2.0,054 km S 16° E of Tarragona (Davao Oriental)
195,20 November 2018 - 04:34 PM,124.84,005,3.7,108 km S 40° W of Sarangani (Davao Occidental)
196,20 November 2018 - 04:20 PM,120.69,155,2.7,017 km N 16° W of Abra De Ilog (Occidental Mindoro)
197,20 November 2018 - 03:24 PM,125.14,014,3.5,092 km S 24° W of Sarangani (Davao Occidental)
198,20 November 2018 - 10:59 AM,125.48,111,2.3,101 km N 25° E of Mapanas (Northern Samar)
199,20 November 2018 - 09:58 AM,120.72,141,3.0,022 km N 02° W of Abra De Ilog (Occidental Mindoro)
200,20 November 2018 - 08:21 AM,126.37,014,2.5,010 km S 63° W of Cateel (Davao Oriental)
201,20 November 2018 - 07:15 AM,119.71,020,3.0,022 km S 71° W of Palauig (Zambales)
202,20 November 2018 - 07:09 AM,126.78,003,2.9,141 km S 66° E of Jose Abad Santos (Davao Occidental)
203,19 November 2018 - 11:56 PM,126.92,022,3.7,156 km S 67° E of Jose Abad Santos (Davao Occidental)
204,19 November 2018 - 09:33 PM,124.85,005,2.2,032 km N 04° W of San Roque (Northern Samar)
205,19 November 2018 - 06:23 PM,125.08,028,2.7,015 km S 22° E of Tomas Oppus (Southern Leyte)
206,19 November 2018 - 05:41 PM,125.91,136,2.5,033 km N 80° E of Jose Abad Santos (Davao Occidental)
207,19 November 2018 - 05:35 PM,124.91,042,2.3,008 km S 17° W of Columbio (Sultan Kudarat)
208,19 November 2018 - 02:28 PM,126.42,056,2.2,019 km N 30° E of Hinatuan (Surigao del Sur)
209,19 November 2018 - 08:30 AM,123.73,001,2.6,040 km N 86° W of South Upi (Maguindanao)
210,19 November 2018 - 08:02 AM,126.39,024,2.6,062 km S 34° E of Governor Generoso (Davao Oriental)
211,19 November 2018 - 03:52 AM,125.74,179,2.9,014 km S 78° E of Jose Abad Santos (Davao Occidental)
212,19 November 2018 - 12:32 AM,120.27,018,1.8,010 km S 16° E of Looc (Occidental Mindoro)
213,19 November 2018 - 12:24 AM,126.75,001,3.3,129 km S 76° E of Jose Abad Santos (Davao Occidental)
214,19 November 2018 - 12:00 AM,123.91,001,2.5,021 km S 51° W of Kalamansig (Sultan Kudarat)
215,18 November 2018 - 11:56 PM,126.63,034,2.7,136 km N 56° E of Jose Abad Santos (Davao Occidental)
216,18 November 2018 - 11:55 PM,124.31,001,2.4,030 km S 68° W of Bagumbayan (Sultan Kudarat)
217,18 November 2018 - 11:47 PM,124.09,031,2.1,007 km N 75° W of Batuan (Bohol)
218,18 November 2018 - 11:15 PM,121.71,031,1.9,006 km S 64° W of Lal-lo (Cagayan)
219,18 November 2018 - 10:52 PM,120.27,031,2.0,002 km N 58° E of Looc (Occidental Mindoro)
220,18 November 2018 - 08:50 PM,124.51,029,2.2,036 km S 73° E of Prieto Diaz (Sorsogon)
221,18 November 2018 - 07:43 PM,125.04,018,2.2,037 km S 30° E of Catbalalogan (Samar)
222,18 November 2018 - 11:35 AM,120.82,039,2.0,007 km N 18° E of Natividad (Pangasinan)
223,18 November 2018 - 10:59 AM,124.29,010,2.7,011 km S 34° W of Maripipi (Biliran)
224,18 November 2018 - 08:45 AM,120.58,166,2.4,011 km N 29° W of Calatagan (Batangas)
225,18 November 2018 - 08:41 AM,125.04,005,2.3,009 km S 57° E of Del Carmen (Surigao Del Norte)
226,18 November 2018 - 07:12 AM,124.54,001,2.8,015 km S 61° E of Tagoloan Ii (Lanao Del Sur)
227,18 November 2018 - 06:29 AM,124.57,007,2.9,004 km S 05° E of Pilar (Cebu)
228,18 November 2018 - 05:45 AM,120.29,064,2.3,005 km N 37° W of San Fernando (Capital) (La Union)
229,18 November 2018 - 05:31 AM,119.05,026,2.3,082 km S 79° W of Agno (Pangasinan)
230,18 November 2018 - 03:05 AM,126.34,019,3.5,279 km S 20° E of Sarangani (Davao Occidental)
231,18 November 2018 - 03:01 AM,126.37,032,2.5,025 km S 42° E of Mati (Davao Oriental)
232,18 November 2018 - 02:10 AM,126.82,026,2.5,054 km N 80° E of Hinatuan (Surigao Del Sur)
233,18 November 2018 - 12:01 AM,125.36,002,3.1,017 km N 44° E of Mapanas (Northern Samar)
234,17 November 2018 - 10:49 PM,125.43,001,3.6,024 km N 51° E of Mapanas (Northern Samar)
235,17 November 2018 - 08:40 PM,122.55,012,2.6,007 km S 57° E of Hinoba-an (Negros Occidental)
236,17 November 2018 - 07:58 PM,125.72,052,4.3,013 km N 50° W of La Paz (Agusan Del Sur)
237,17 November 2018 - 07:50 PM,124.50,030,2.2,018 km N 27° W of Anda (Bohol)
238,17 November 2018 - 06:20 PM,125.30,009,2.6,005 km N 79° E of Mapanas (Northern Samar)
239,17 November 2018 - 06:12 PM,120.39,081,2.2,026 km N 84° W of Nasugbu (Batangas)
240,17 November 2018 - 05:49 PM,121.56,042,3.3,034 km N 76° W of Sabtang (Batanes)
241,17 November 2018 - 03:10 PM,122.28,014,2.6,004 km N 69° W of Tubungan (Iloilo)
242,17 November 2018 - 11:15 AM,126.76,001,3.7,145 km S 78° E of Sarangani (Davao Occidental)
243,17 November 2018 - 11:01 AM,124.26,005,2.5,011 km N 69° W of Kawayan (Biliran)
244,17 November 2018 - 10:03 AM,121.74,001,2.1,006 km S 74° W of Panukulan (Quezon)
245,17 November 2018 - 09:23 AM,120.03,007,2.4,034 km S 45° W of Looc (Occidental Mindoro)
246,17 November 2018 - 09:17 AM,126.51,036,2.0,024 km S 74° E of Marihatag (Surigao Del Sur)
247,17 November 2018 - 08:41 AM,120.28,068,2.0,037 km S 84° W of Nasugbu (Batangas)
248,17 November 2018 - 08:12 AM,121.12,086,2.6,006 km N 42° E of Claveria (Cagayan)
249,17 November 2018 - 07:26 AM,126.37,011,2.5,018 km N 88° W of Manay (Davao Oriental)
250,17 November 2018 - 04:20 AM,121.84,031,2.9,008 km N 30° E of Tumauini  (Isabela)
251,17 November 2018 - 03:17 AM,119.72,020,2.1,044 km S 66° W of San Antonio  (Zambales)
252,17 November 2018 - 03:06 AM,126.16,132,3.0,062 km S 75° E of Jose Abad Santos  (Davao Occidental)
253,17 November 2018 - 03:04 AM,126.32,029,2.1,079 km S 80° E of Jose Abad Santos  (Davao Occidental)
254,17 November 2018 - 02:54 AM,123.06,022,2.6,023 km s 87° W of Luzurriaga (Valencia)  (Negros Oriental)
255,17 November 2018 - 02:47 AM,120.21,001,3.4,028 km S 81° W of Paluan  (Occidental Mindoro)
256,17 November 2018 - 02:45 AM,120.36,001,2.4,047 km S 68° W of Sablayan  (Occidental Mindoro)
257,17 November 2018 - 01:01 AM,126.00,032,2.3,012 km N 12° W of Monkayo  (Compostela Valley)
258,16 November 2018 - 11:40 PM,125.47,020,2.5,008 km S 13° E of San Julian  (Eastern Samar)
259,16 November 2018 - 11:34 PM,121.94,007,3.9,017 km N 50° W of Culasi (Antique)
260,16 November 2018 - 08:56 PM,126.11,133,3.1,049 km S 70° E of Don Marcelino (Davao Occidental)
261,16 November 2018 - 05:28 PM,125.85,003,4.0,323 km S 07° E of Sarangani (Davao Occidental)
262,16 November 2018 - 04:57 PM,125.80,131,2.9,113 km S 19° E of Sarangani (Davao Occidental)
263,16 November 2018 - 03:43 PM,124.14,001,1.9,031 km S 18° W of Kalamansig (Sultan Kudarat)
264,16 November 2018 - 03:30 PM,125.65,012,2.4,015 km S 43° E of Santiago (Agusan Del Norte)
265,16 November 2018 - 02:55 PM,126.06,001,2.9,065 km N 85° E of Sarangani (Davao Occidental)
266,16 November 2018 - 10:48 AM,125.57,020,2.5,007 km S 40° W of Davao City (Davao del Sur)
267,16 November 2018 - 07:39 AM,125.80,033,2.1,006 km S 20° W of La Paz (Agusan De Sur)
268,16 November 2018 - 05:54 AM,125.27,001,2.6,020 km N 63° W of Borongan (Eastern Samar)
269,16 November 2018 - 05:34 AM,126.15,127,2.4,007 km S 04° W of Tagbina (Surigao Del Sur)
270,16 November 2018 - 03:27 AM,122.28,012,2.5,019 km N 45° W of Sipalay (Negros Occidental)
271,16 November 2018 - 01:40 AM,120.31,033,2.0,028 km S 85° W of Mabalacat (Pampanga)
272,16 November 2018 - 01:36 AM,123.43,010,3.5,012 km N 71° E of Vallehermoso (Negros Oriental)
273,16 November 2018 - 01:01 AM,125.27,029,1.8,029 km N 05° E of Pintuyan (Southern Leyte)
274,16 November 2018 - 12:58 AM,125.26,028,2.4,008 km N 02° W of Anahawan (Southern Leyte)
275,16 November 2018 - 12:15 AM,125.52,041,2.3,010 km N 75° W of Davao City (Davao Del Sur)
276,15 November 2018 - 11:45 PM,124.58,004,3.0,006 km S 75° W of Capoocan (Leyte)
277,15 November 2018 - 10:27 PM,126.08,031,2.1,015 km N 30° E of Banaybanay (Davao Oriental)
278,15 November 2018 - 09:40 PM,126.50,026,2.4,021 km N 56° E of Hinatuan (Surigao Del Sur)
279,15 November 2018 - 08:01 PM,126.77,009,2.7,048 km N 78° E of Hinatuan (Surigao Del Sur)
280,15 November 2018 - 07:45 PM,123.78,023,2.0,041 km S 49° W of Kalamansig (Sultan Kudarat)
281,15 November 2018 - 05:33 PM,119.89,060,1.9,018 km S 79° W of Cabangan (Zambales)
282,15 November 2018 - 01:06 PM,126.77,022,2.6,067 km N 85° E of General Luna (Surigao del Norte)
283,15 November 2018 - 12:47 PM,122.04,018,3.6,079 km S 39° W of Hinoba-an (Negros Occidental)
284,15 November 2018 - 12:16 PM,123.85,007,3.3,034 km S 42° W of Kalamansig (Sultan Kudarat)
285,15 November 2018 - 12:08 PM,123.78,002,1.6,033 km S 67° W of Kalamansig (Sultan Kudarat)
286,15 November 2018 - 12:02 PM,123.82,013,3.4,033 km S 53° W of Kalamansig (Sultan Kudarat)
287,15 November 2018 - 11:01 AM,126.77,069,3.7,035 km S 48° E of Manay (Davao Oriental)
288,15 November 2018 - 10:34 AM,123.87,007,1.8,016 km S 85° W of South Upi (Maguindanao)
289,15 November 2018 - 05:19 AM,125.61,099,2.1,009 km N 05° E of Placer (Surigao del Norte)
290,15 November 2018 - 04:41 AM,123.85,004,1.6,024 km S 74° W of Kalamansig (Sultan Kudarat)
291,15 November 2018 - 04:25 AM,125.83,033,2.0,029 km S 23° E of Guiuan (Eastern Samar)
292,15 November 2018 - 04:07 AM,124.35,016,1.9,028 km S 28° E of Virac (Catanduanes)
293,15 November 2018 - 03:59 AM,123.87,001,1.7,029 km S 45° W of Kalamansig (Sultan Kudarat)
294,15 November 2018 - 03:57 AM,125.95,018,2.1,041 km S 64° E of Jose Abad Santos (Davao Occidental)
295,15 November 2018 - 03:33 AM,123.82,011,2.3,031 km S 60° W of Kalamansig (Sultan Kudarat)
296,15 November 2018 - 03:22 AM,125.28,029,1.6,009 km S 16° E of Anahawan (Southern Leyte)
297,15 November 2018 - 02:55 AM,126.00,086,1.8,034 km N 81° E of Don Marcelino (Davao Occidental)
298,15 November 2018 - 02:42 AM,122.67,065,3.1,005 km N 50° E of Basay (Negros Oriental)
299,15 November 2018 - 02:35 AM,126.44,047,2.4,094 km S 76° E of Jose Abad Santos (Davao Occidental)
300,15 November 2018 - 01:19 AM,126.27,024,2.9,016 km N 34° E of Cortes (Surigao del Sur)
301,15 November 2018 - 12:30 AM,120.43,086,1.8,022 km S 85° W of Calatagan (Batangas)
302,14 November 2018 - 10:45 PM,124.68,012,2.1,010 km S 27° E of Capoocan (Leyte)
303,14 November 2018 - 10:24 PM,121.19,001,1.8,013 km S 04° E of Kabugao (Apayao)
304,14 November 2018 - 10:23 PM,126.15,031,2.7,009 km N 82° E of Governor Generoso (Davao Oriental)
305,14 November 2018 - 10:03 PM,126.21,005,3.1,014 km N 45° E of Barobo (Surigao del Sur)
306,14 November 2018 - 09:58 PM,123.73,001,2.1,040 km S 66° W of Kalamansig (Sultan Kudarat)
307,14 November 2018 - 09:36 PM,126.07,032,3.2,262 km S 15° E of Sarangani (Davao Occidental)
308,14 November 2018 - 09:30 PM,126.85,019,2.1,008 km N 60° W of Adams (Ilocos Norte)
309,14 November 2018 - 08:33 PM,125.04,001,2.1,017 km S 88° E of Matuguinao (Northern Samar)
310,14 November 2018 - 07:34 PM,122.31,001,1.9,017 km S 23° W of Jomalig (Quezon)
311,14 November 2018 - 06:44 PM,126.16,107,2.9,020 km S 27° E of Governor Generoso (Davao Oriental)
312,14 November 2018 - 06:20 PM,124.61,001,2.5,007 km S 27° W of Capoocan (Leyte)
313,14 November 2018 - 06:17 PM,123.90,002,2.3,020 km S 61° W of Kalamansig (Sultan Kudarat)
314,14 November 2018 - 12:05 PM,123.81,001,2.2,030 km S 66° W of Kalamansig (Sultan Kudarat)
315,14 November 2018 - 11:18 AM,119.78,001,2.8,065 km S 70° W of Santa Catalina (Ilocos Sur)
316,14 November 2018 - 10:59 AM,123.72,001,4.1,046 km S 54° W of Kalamansig (Sultan Kudarat)
317,14 November 2018 - 08:49 AM,126.98,151,2.7,085 km S 44° E of Tarragona (Davao Oriental)
318,14 November 2018 - 06:19 AM,126.67,046,3.4,125 km S 69° E of Jose Abad Santos (Davao Occidental)
319,14 November 2018 - 03:49 AM,124.29,010,2.7,007 km 00° West of Kawayan (Biliran)
320,14 November 2018 - 03:18 AM,120.19,023,2.4,011 km S 36° W of Looc (Occidental Mindoro)
321,14 November 2018 - 03:07 AM,124.61,001,2.1,043 km N 38° E of Biri (Northern Samar)
322,14 November 2018 - 02:48 AM,121.20,007,2.2,037 km S 47° W of Calayan (Cagayan)
323,14 November 2018 - 02:18 AM,125.86,016,2.0,006 km S 87° W of Mawab (Compostela Valley)
324,14 November 2018 - 02:10 AM,122.73,011,2.7,039 km N 10° E of Liloy (Zamboanga Del Norte)
325,14 November 2018 - 01:45 AM,123.87,002,2.7,024 km S 58° W of Kalamansig (Sultan Kudarat)
326,14 November 2018 - 01:33 AM,125.24,067,4.8,099 km N 69° E of Gigmoto (Catanduanes)
327,14 November 2018 - 01:23 AM,121.10,027,1.7,008 km S 39° E of Batangas City (Batangas)
328,14 November 2018 - 01:06 AM,123.84,001,2.5,026 km S 65° W of Kalamansig (Sultan Kudarat)
329,14 November 2018 - 01:02 AM,123.93,001,2.1,021 km S 44° W of Kalamansig (Sultan Kudarat)
330,14 November 2018 - 12:25 AM,125.24,020,2.2,022 km N 73° W of Borongan (Eastern Samar)
331,13 November 2018 - 11:23 PM,123.85,006,2.5,027 km S 59° W of Kalamansig (Sultan Kudarat)
332,13 November 2018 - 11:14 PM,120.73,004,2.7,011 km N 02° E of Abra De Ilog (Occidental Mindoro)
333,13 November 2018 - 09:52 PM,126.54,120,2.5,008 km N 23° W of Caraga (Davao Oriental)
334,13 November 2018 - 08:37 PM,123.95,001,2.6,004 km S 44° E of Palanas (Masbate)
335,13 November 2018 - 08:11 PM,126.15,025,2.9,086 km S 61° E of Sarangani (Davao Occidental)
336,13 November 2018 - 07:52 PM,122.06,001,2.9,008 km N 04° E of Culasi (Antique)
337,13 November 2018 - 04:38 PM,126.48,013,2.2,039 km S 65° E of General Luna (Surigao del Norte)
338,13 November 2018 - 03:57 PM,122.89,003,2.3,020 km N 64° W of Pasacao (Camarines Sur)
339,13 November 2018 - 02:07 PM,120.37,006,2.1,006 km N 63° W of Magsingal (Ilocos Sur)
340,13 November 2018 - 11:56 AM,126.78,021,2.6,024 km N 68° E of Baculin (Davao Oriental)
341,13 November 2018 - 10:26 AM,120.44,114,2.5,020 km N 87° W of Nasugbu (Batangas)
342,13 November 2018 - 05:00 AM,126.70,073,2.4,034 km S 56° E of Tarragona (Davao Oriental)
343,13 November 2018 - 04:29 AM,125.47,019,3.1,007 km N 18° E of Sulat (Eastern Samar)
344,13 November 2018 - 03:26 AM,123.87,001,2.2,027 km S 50° W of Kalamansig (Sultan Kudarat)
345,13 November 2018 - 03:18 AM,122.24,019,3.4,057 km N 31° E of Burdeos (Quezon)
346,13 November 2018 - 02:42 AM,125.48,015,2.6,013 km S 83° E of Hagonoy (Davao Del Sur)
347,13 November 2018 - 02:39 AM,121.19,017,2.9,030 km S 77° W of Calayan (Cagayan)
348,13 November 2018 - 01:59 AM,123.81,001,2.4,031 km S 64° W of Kalamansig (Sultan Kudarat)
349,13 November 2018 - 01:44 AM,123.84,009,2.7,026 km S 68° W of Kalamansig (Sultan Kudarat)
350,13 November 2018 - 01:27 AM,123.94,001,2.0,019 km S 42° W of Kalamansig (Sultan Kudarat)
351,13 November 2018 - 01:27 AM,126.41,003,3.2,057 km N 40° E of Burgos (Surigao Del Norte)
352,12 November 2018 - 11:55 PM,123.92,007,2.3,027 km S 33° W of Kalamansig (Sultan Kudarat)
353,12 November 2018 - 10:57 PM,123.93,008,2.6,028 km S 29° W of Kalamansig (Sultan Kudarat)
354,12 November 2018 - 10:54 PM,123.79,011,4.5,042 km S 46° W of Kalamansig (Sultan Kudarat)
355,12 November 2018 - 10:49 PM,123.73,001,4.9,049 km S 47° W of Kalamansig (Sultan Kudarat)
356,12 November 2018 - 08:48 PM,121.08,017,3.1,041 km S 80° W of Calayan (Cagayan)
357,12 November 2018 - 08:42 PM,125.22,001,2.7,005 km S 31° E of Hinunangan (Southern Leyte)
358,12 November 2018 - 07:47 PM,120.36,111,2.5,022 km N 86° E of San Marcelino (Zambales)
359,12 November 2018 - 07:42 PM,126.22,022,2.9,017 km S 78° E of Governor Generoso (Davao Oriental)
360,12 November 2018 - 07:36 PM,126.72,016,2.5,016 km S 70° E of Baculin (Davao Oriental)
361,12 November 2018 - 06:32 PM,123.95,026,2.1,002 km N 71° E of Caramoan (Camarines Sur)
362,12 November 2018 - 04:28 PM,121.08,001,3.2,090 km S 67° W of Sabtang (Batanes)
363,12 November 2018 - 02:33 PM,122.30,013,2.7,063 km N 08° E of Patnanungan (Quezon)
364,12 November 2018 - 01:29 PM,121.04,002,2.8,031 km N 08° W of Claveria (Cagayan)
365,12 November 2018 - 10:21 AM,125.96,002,2.3,005 km S 67° E of Mawab (Compostela Valley)
366,12 November 2018 - 10:20 AM,123.00,005,2.4,006 km N 31° W of Siaton (Negros Oriental)
367,12 November 2018 - 10:13 AM,126.18,007,3.0,162 km S 29° E of Sarangani (Davao Occidental)
368,12 November 2018 - 09:31 AM,122.91,044,2.4,016 km N 59° E of Paracale (Camarines Norte)
369,12 November 2018 - 03:43 AM,120.52,168,3.0,015 km S 59° W of Calatagan (Batangas)
370,12 November 2018 - 02:58 AM,120.43,026,2.5,069 km N 55° E of Busuanga (Palawan)
371,12 November 2018 - 01:10 AM,122.86,059,1.9,011 km S 65° W of San Lorenzo Ruiz (Imelda) (Camarines Norte)
372,12 November 2018 - 01:09 AM,120.51,115,2.5,014 km S 65° W of Nasugbu (Batangas)
373,12 November 2018 - 12:49 AM,120.79,033,2.1,019 km S 64° W of Calintaan (Occidental Mindoro)
374,12 November 2018 - 12:21 AM,125.58,001,3.2,136 km S 05° E of Sarangani (Davao Occidental)
375,11 November 2018 - 11:46 PM,125.77,030,2.3,021 km N 69° E of Remedios Romualdez (Agusan del Norte)
376,11 November 2018 - 11:44 PM,124.50,019,3.5,012 km N 88° W of Alamada (North Cotabato)
377,11 November 2018 - 05:27 PM,123.66,009,2.3,005 km S 39° W of Masbate (Masbate)
378,11 November 2018 - 01:57 PM,122.40,017,2.5,010 km N 06° E of Leon (Iloilo)
379,11 November 2018 - 07:54 AM,124.05,004,2.1,022 km S 02° W of Kalamansig (Sultan Kudarat)
380,11 November 2018 - 07:12 AM,125.55,016,2.7,008 km N 49° W of Davao City (Davao del Sur)
381,11 November 2018 - 06:57 AM,120.67,194,3.1,022 km S 85° W of Tingloy (Batangas)
382,11 November 2018 - 04:43 AM,126.20,022,3.1,086 km S 70° E of Sarangani (Davao Occidental)
383,11 November 2018 - 02:35 AM,125.57,012,2.5,148 km S 06° E of Sarangani (Davao Occidental)
384,11 November 2018 - 02:22 AM,126.64,009,2.6,121 km S 67° E of Jose Abad Santos (Davao Occidental)
385,11 November 2018 - 01:22 AM,126.98,157,2.8,136 km S 48° E of Governor Generoso (Davao Oriental)
386,11 November 2018 - 12:27 AM,126.35,032,3.6,032 km N 73° E of Governor Generoso (Davao Oriental)
387,11 November 2018 - 12:19 AM,120.09,023,3.4,027 km S 39° W of Looc (Occidental Mindoro)
388,11 November 2018 - 12:01 AM,126.36,006,3.3,010 km S 66° W of Cateel (Davao Oriental)
389,10 November 2018 - 11:45 PM,125.85,025,2.4,012 km S 89° W of San Francisco (Agusan Del Sur)
390,10 November 2018 - 11:04 PM,121.01,006,3.0,003 km N 12° E of Llanera (Nueva Ecija)
391,10 November 2018 - 10:06 PM,122.38,009,2.7,001 km S 71° W of Leon (Iloilo)
392,10 November 2018 - 08:12 PM,126.73,033,2.7,037 km N 72° E of Lingig (Surigao Del Sur)
393,10 November 2018 - 08:08 PM,127.00,037,2.4,136 km S 49° E of Governor Generoso (Davao Oriental)
394,10 November 2018 - 07:43 PM,121.61,111,2.8,071 km N 52° W of Siocon (Zamboanga Del Norte)
395,10 November 2018 - 07:27 PM,120.49,010,2.5,010 km S 02° E of Baguio City
396,10 November 2018 - 06:29 PM,125.99,060,2.3,083 km S 44° E of Sarangani (Davao Occidental)
397,10 November 2018 - 03:33 PM,125.17,018,2.0,013 km S 10° W of Glan (Sarangani)
398,10 November 2018 -11:11 AM,124.11,032,2.1,005 km N 19° E of Sagbayan (Bohol)
399,10 November 2018 -11:02 AM,120.58,066,2.1,010 km S 36° W of Calatagan (Batangas)
400,10 November 2018 - 08:41 AM,122.55,025,2.3,043 km N 37° E of Divalacan (Isabela)
401,10 November 2018 - 07:52 AM,126.31,010,2.2,026 km N 54° E of Maragusan (San Mariano) (Compostela Valley)
402,10 November 2018 - 07:19 AM,126.65,008,2.3,035 km N 79° E of Hinatuan (Surigao Del Sur)
403,10 November 2018 - 04:54 AM,126.16,002,3.2,097 km S 52° E of Sarangani (Davao Occidental)
404,10 November 2018 - 04:34 AM,126.61,091,2.7,067 km S 16° E of Tarragona (Davao Oriental)
405,10 November 2018 - 03:28 AM,124.55,007,2.6,005 km S 25° W of Opol (Misamis Oriental)
406,10 November 2018 - 03:27 AM,120.46,063,2.8,019 km S 89° W of Calatagan (Batangas)
407,10 November 2018 - 03:12 AM,128.11,180,4.9,411 km S 45° E of Sarangani (Davao Occidental)
408,10 November 2018 - 03:09 AM,124.77,010,2.4,005 km S 16° E of Kalilangan ( Bukidnon )
409,10 November 2018 - 02:54 AM,120.74,003,2.4,012 km N 06° E of Abra De Ilog ( Occidental Mindoro )
410,10 November 2018 - 02:32 AM,122.20,012,2.0,004 km S 30° W of Dilasag (Aurora)
411,10 November 2018 - 02:30 AM,120.64,032,2.3,017 km N 59° W of Sablayan ( Occidental Mindoro)
412,10 November 2018 - 01:39 AM,124.47,006,2.7,029 km N 71° W of Mambajao (Camiguin)
413,10 November 2018 - 01:18 AM,120.40,101,2.3,024 km S 23° W of Mariveles (Bataan)
414,10 November 2018 - 01:02 AM,126.28,009,2.9,038 km S 35° E of Governor Generoso (Davao Occidental)
415,10 November 2018 - 12:55 AM,125.38,028,2.5,025 km S 75° E of Glan (Sarangani)
416,10 November 2018 - 12:33 AM,126.32,022,2.6,027 km N 85° E of Governor Generoso (Davao Occidental)
417,09 November 2018 - 11:48 PM,125.69,073,2.7,122 km S 13° E of Sarangani (Davao Occidental)
418,09 November 2018 - 11:40 PM,126.38,001,3.0,064 km N 32° E of Burgos (Surigao Del Norte)
419,09 November 2018 - 07:51 PM,120.34,026,1.8,031 km S 89° W of Nasugbu (Batangas)
420,09 November 2018 - 07:46 PM,122.11,004,2.3,034 km S 37° E of Anini-y (Antique)
421,09 November 2018 - 06:20 PM,126.37,001,4.3,059 km N 33° E of Burgos (Surigao Del Norte)
422,09 November 2018 - 06:02 PM,126.86,011,1.9,059 km N 82° E of Hinatuan (Surigao Del Sur)
423,09 November 2018 - 05:47 PM,121.77,033,2.4,012 km S 59° W of Sabtang (Batanes)
424,09 November 2018 - 04:09 PM,120.93,040,2.4,022 km N 88° E of Santa Cruz (Occidental Mindoro)
425,09 November 2018 - 12:57 PM,124.47,019,2.3,023 km S 59° E of Sierra Bullones (Bohol)
426,09 November 2018 - 12:41 PM,125.98,172,3.2,093 km S 37° E of Sarangani (Davao Occidental)
427,09 November 2018 - 12:21 PM,127.06,021,2.5,082 km N 79° E of Hinatuan (Surigao Del Sur)
428,09 November 2018 - 09:36 AM,126.70,014,2.2,042 km N 76° E of Hinatuan (Surigao Del Sur)
429,09 November 2018 - 09:36 AM,120.20,017,1.8,031 km N 71° W of Paluan (Occidental Mindoro)
430,09 November 2018 - 05:44 AM,123.92,042,2.3,015 km S 87° W of Kalamansig (Sultan Kudarat)
431,09 November 2018 - 04:44 AM,125.93,005,2.7,038 km N 52° E of Salcedo (Eastern Samar)
432,09 November 2018 - 04:18 AM,125.98,022,2.8,058 km N 85° E of San Julian (Eastern Samar)
433,09 November 2018 - 04:04 AM,123.42,008,2.5,016 km N 09° E of Aroroy (Masbate)
434,09 November 2018 - 03:45 AM,123.17,006,2.4,012 km S 82° W of Luzurriaga (Valencia) (Negros Oriental)
435,09 November 2018 - 02:57 AM,126.31,103,3.2,075 km S 64° E of Don Marcelino (Davao Occidental)
436,09 November 2018 - 02:45 AM,121.24,031,2.0,036 km S 63° E of Calintaan (Occidental Mindoro)
437,09 November 2018 - 02:38 AM,121.17,010,2.5,026 km N 68° E of Calintaan (Occidental Mindoro)
438,09 November 2018 - 02:01 AM,125.52,026,1.9,006 km N 33° E of Surigao City (Surigao del Norte)
439,09 November 2018 - 01:59 AM,124.65,001,1.9,007 km S 03° W of Bumbaran (Lanao del Sur)
440,09 November 2018 - 01:41 AM,120.33,033,2.2,006 km S 47° W of Agoo (La Union)
441,09 November 2018 - 01:28 AM,123.90,028,1.8,004 km N 21° W of Baclayon (Bohol)
442,09 November 2018 - 12:57 AM,126.42,031,2.2,035 km S 41° E of Mati City (Davao Oriental)
443,09 November 2018 - 12:29 AM,121.46,032,2.1,022 km S 52° W of Roxas (Isabela)
444,09 November 2018 - 12:21 AM,127.16,001,3.7,113 km S 78° E of General Luna (Surigao Del Norte)
445,08 November 2018 - 11:09 PM,125.64,011,2.7,006 km N 28° W of Salcedo (Eastern Samar)
446,08 November 2018 - 11:03 PM,122.07,022,2.3,065 km S 84° E of Calayan (Cagayan)
447,08 November 2018 - 10:17 PM,126.66,019,2.0,056 km S 86° E of General Luna (Surigao Del Norte)
448,08 November 2018 - 08:24 PM,123.76,002,2.7,037 km S 62° W of Kalamansig (Sultan Kudarat)
449,08 November 2018 - 07:44 PM,126.39,001,2.9,057 km N 38° E of Burgos (Surigao Del Norte)
450,08 November 2018 - 07:43 PM,125.28,014,2.1,011 km N 85° E of Cabalian (San Juan) (Southern Leyte)
451,08 November 2018 - 07:37 PM,122.45,025,2.4,016 km S 15° E of Sipalay (Negros Occidental)
452,08 November 2018 - 07:17 PM,120.27,060,1.9,026 km S 64° W of Mariveles (Bataan)
453,08 November 2018 - 07:10 PM,122.37,009,1.6,003 km N 37° W of Leon (Iloilo)
454,08 November 2018 - 07:05 PM,122.33,031,2.1,007 km S 86° W of Leon (Iloilo)
455,08 November 2018 - 06:48 PM,122.36,025,1.8,003 km N 42° W of Tigbauan (Iloilo)
456,08 November 2018 - 06:30 PM,123.71,001,3.5,053 km S 47° W of Kalamansig (Sutan Kudarat)
457,08 November 2018 - 05:10 PM,126.64,033,2.7,132 km S 79° E of Sarangani (Davao Occidental)
458,08 November 2018 - 04:30 PM,126.98,001,3.5,348 km S 29° E of Sarangani (Davao Occidental)
459,08 November 2018 - 03:08 PM,126.61,036,3.0,072 km S 55° E of Governor Generoso (Davao Oriental)
460,08 November 2018 - 02:48 PM,124.70,001,2.2,010 km S 86° W of Balingasag (Misamis Oriental)
461,08 November 2018 - 02:32 PM,126.71,033,2.8,127 km S 73° E of San Jose abad Santos (Davao Occidental)
462,08 November 2018 - 11:43 AM,124.58,003,3.4,010 km N 45° W of Capoocan (Leyte)
463,08 November 2018 - 11:21 AM,123.64,029,1.9,013 km N 80° W of Panglao (Bohol)
464,08 November 2018 - 10:56 AM,125.64,004,2.2,012 km N 88° E of Tubay (Agusan Del Norte)
465,08 November 2018 - 08:41 AM,119.58,009,2.1,090 km S 41° W of Lubang (Occidental Mindoro)
466,08 November 2018 - 04:35 AM,127.11,037,2.6,155 km S 48° E of Governor Generoso (Davao Oriental)
467,08 November 2018 - 04:12 AM,126.63,026,3.0,009 km N 70° E of Baganga (Davao Oriental)
468,08 November 2018 - 03:55 AM,125.46,066,2.4,011 km N 09° W of Sarangani (Davao Occidental)
469,08 November 2018 - 03:42 AM,122.38,001,2.4,007 km N 06° E of Leon (Iloilo)
470,08 November 2018 - 03:14 AM,125.08,041,2.6,004 km S 38° E of Quezon (Bukidnon)
471,08 November 2018 - 03:02 AM,125.18,007,2.4,002 km N 45° W of Hinunangan (Southern Leyte)
472,08 November 2018 - 01:47 AM,126.66,031,2.8,065 km S 21° E of Tarragona (Davao Oriental)
473,08 November 2018 - 01:38 AM,122.49,001,2.1,064 km S 69° W of Siaton (Negros Oriental)
474,08 November 2018 - 12:53 AM,126.27,008,2.8,037 km N 37° E of Burgos (Surigao del Norte)
475,08 November 2018 - 12:23 AM,126.52,001,2.7,075 km N 41° E of Burgos (Surigao del Norte)
476,08 November 2018 - 12:18 AM,122.50,009,2.4,035 km S 26° W of Basay (Negros Oriental)
477,07 November 2018 - 11:37 PM,120.16,033,2.1,013 km N 30° E of Sual (Pangasinan)
478,07 November 2018 - 10:56 PM,126.82,006,4.5,150 km S 82° E of Sarangani (Davao Occidental)
479,07 November 2018 - 10:41 PM,125.19,007,3.2,002 km N 39° W of Hinunangan (Southern Leyte)
480,07 November 2018 - 10:40 PM,124.82,102,2.3,008 km n 72° E of Tarangnan (Samar)
481,07 November 2018 - 10:38 PM,120.67,061,1.9,013 km N 30° W of Abra de Ilog (Occidental Mindoro)
482,07 November 2018 - 10:11 PM,125.40,004,3.0,015 km N 09° W of San Francisco (Anao-aon) (Surigao Del Norte)
483,07 November 2018 - 08:11 PM,124.84,026,2.3,003 km S 88° W of Datu Paglas (Maguindanao)
484,07 November 2018 - 12:01 PM,125.37,174,2.8,011 km S 82° E of Sarangani (Davao Occidental)
485,07 November 2018 - 08:42 AM,120.74,026,2.2,016 km N 60° W of Carasi (Ilocos Norte)
486,07 November 2018 - 08:41 AM,120.90,001,2.2,013 km N 17° E of Carasi (Ilocos Norte)
487,07 November 2018 - 06:05 AM,120.18,017,2.5,043 km S 46° W of Paluan (Occidental Mindoro)
488,07 November 2018 - 05:53 AM,125.24,031,2.1,003 km N 45° W of Anahawan (Southern Leyte)
489,07 November 2018 - 05:48 AM,124.64,042,1.7,085 km S 85° W of Sarangani (Davao Occidental)
490,07 November 2018 - 04:13 AM,125.90,121,3.4,006 km N 61° E of Carrascal (Surigao del Sur)
491,07 November 2018 - 03:37 AM,127.24,028,2.4,073 km S 82° E of Baculin (Davao Oriental)
492,07 November 2018 - 12:53 AM,124.37,052,2.1,026 km N 51° E of Prieto Diaz (Sorsogon)
493,07 November 2018 - 12:33 AM,122.39,011,2.1,002 km S 00° of Leon (Iloilo)
494,06 November 2018 - 11:50 PM,124.06,035,2.0,007 km N 60° E of Catigbian (Bohol)
495,06 November 2018 - 09:32 PM,126.72,020,2.8,042 km S 87° E of Hinatuan (Surigao Del Sur)
496,06 November 2018 - 08:34 PM,121.34,003,1.6,031 km S 25° W of Calayan (Cagayan)
497,06 November 2018 - 08:29 PM,127.10,033,2.3,088 km N 74° E of Hinatuan (Surigao Del Sur)
498,06 November 2018 - 07:04 PM,126.34,013,2.3,034 km N 28° E of Cortes (Surigao Del Sur)
499,06 November 2018 - 06:32 PM,120.57,029,1.9,017 km N 42° E of Paluan (Occidental Mindoro)
500,06 November 2018 - 06:28 PM,125.63,145,3.0,037 km N 02° E of Davao City
501,06 November 2018 - 01:27 PM,124.82,107,3.2,010 km N 89° E of Lake Sebu (South Cotabato)
502,06 November 2018 - 11:32 AM,124.64,008,3.2,001 km N 00°  of Capoocan (Leyte)
503,06 November 2018 - 11:19 AM,124.79,033,2.2,046 km S 77° E of Baras (Catanduanes)
504,06 November 2018 - 10:37 AM,120.62,146,2.1,002 km N 56° W of Calatagan (Batangas)
505,06 November 2018 - 10:09 AM,124.93,022,5.2,209 km S 17° W of Sarangani (Davao Occidental)
506,06 November 2018 - 06:23 AM,124.95,006,3.1,039 km S 10° W of Maasim (Sarangani)
507,06 November 2018 - 05:49 AM,124.65,002,2.5,003 km S 15° E of Capoocan (Leyte)
508,06 November 2018 - 05:35 AM,125.11,021,3.9,012 km N 53° E of Medina (Misamis Oriental)
509,06 November 2018 - 05:23 AM,123.95,002,2.6,001 km S 33° E of San Isidro (Bohol)
510,06 November 2018 - 04:04 AM,126.81,018,2.5,052 km S 87° E of Hinatuan (Surigao Del Sur)
511,06 November 2018 - 03:56 AM,122.30,003,2.1,003 km S 55° W of Tubungan (Iloilo)
512,06 November 2018 - 03:25 AM,123.36,001,3.5,014 km N 19° E of Aroroy (Masbate)
513,06 November 2018 - 03:07 AM,127.11,097,3.0,138 km S 56° E of Governor Generoso (Davao Oriental)
514,06 November 2018 - 01:55 AM,126.79,049,2.4,131 km S 37° E of Governor Generoso (Davao Oriental)
515,06 November 2018 - 01:22 AM,120.17,011,2.6,015 km S 37° W of Looc (Occidental Mindoro)
516,06 November 2018 - 01:07 AM,125.98,025,2.4,010 km N 02° W of Bunawan (Agusan Del Sur)
517,06 November 2018 - 12:35 AM,122.56,009,3.0,054 km N 22° E of Jomalig (Quezon)
518,05 November 2018 - 11:48 PM,125.43,031,1.9,005 km N 08° W of Borongan (Eastern Samar)
519,05 November 2018 - 11:31 PM,125.97,138,2.0,032 km S 21° W of Governor Generoso (Davao Oriental)
520,05 November 2018 - 09:57 PM,121.24,065,2.7,010 km N 04° E of Sanchez-mira (Cagayan)
521,05 November 2018 - 08:44 PM,126.50,032,2.0,009 km S 39° E of Cateel (Davao Oriental)
522,05 November 2018 - 08:29 PM,125.84,012,3.4,025 km N 73° E of Hernani (Eastern Samar)
523,05 November 2018 - 07:51 PM,120.14,032,3.6,053 km S 67° W of Mamburao (Occidental Mindoro)
524,05 November 2018 - 07:13 PM,125.00,001,2.7,074 km S 45° W of Sarangani (Davao Occidental)
525,05 November 2018 - 06:49 PM  ,124.97,001,2.1,080 km S 44° W of Sarangani (Davao Occidental)
526,05 November 2018 - 06:02 PM,126.94,155,3.1,137 km S 44° E of Governor Generoso (Davao Oriental)
527,05 November 2018 - 05:27 PM,126.75,017,2.6,038 km N 61° E of Cateel (Davao Oriental)
528,05 November 2018 - 03:42 PM,126.60,010,2.8,040 km N 61° E of Bayabas (Surigao del Sur)
529,05 November 2018 - 03:00 PM,122.43,001,2.9,010 km N 29° E of Leon (Iloilo)
530,05 November 2018 - 02:40 PM,126.43,021,3.0,025 km N 41° E of Bayabas (Surigao del Sur)
531,05 November 2018 - 02:10 PM,124.67,016,2.2,003 km N 76° W of T'Boli (South Cotabato)
532,05 November 2018 - 02:07 PM,125.95,155,2.6,119 km S 27° E of Sarangani (Davao Occidental)
533,05 November 2018 - 02:03 PM,126.99,008,3.3,083 km N 70° E of Bayabas (Surigao del Sur)
534,05 November 2018 - 01:59 PM,126.48,022,2.4,026 km N 56° E of Bayabas (Surigao del Sur)
535,05 November 2018 - 01:46 PM,121.03,022,2.1,013 km N 88° E of Adams (Ilocos Norte)
536,05 November 2018 - 01:13 PM,122.38,003,2.7,006 km N 04° W of Leon (Iloilo)
537,05 November 2018 - 12:36 PM,126.90,004,2.9,044 km N 57° E of Baganga (Davao Oriental)
538,05 November 2018 - 12:09 PM,122.37,010,2.1,008 km N 31° W of Leon (Iloilo)
539,05 November 2018 - 12:09 PM,121.22,029,3.6,080 km N 18° W of Calayan (Cagayan)
540,05 November 2018 - 12:06 PM,125.72,012,3.0,020 km N 37° E of Malita (Davao Occidental)
541,05 November 2018 - 11:49 AM,126.32,024,3.1,073 km S 72° E of Don Marcelino (Davao Occidental)
542,05 November 2018 - 11:48 AM,121.96,022,2.5,040 km N 49° W of Gutalac (Zamboanga Del Norte)
543,05 November 2018 - 11:31 AM,122.37,009,2.3,003 km N 37° W of Leon (Iloilo)
544,05 November 2018 - 11:22 AM,122.34,014,2.4,005 km S 84° W of Leon (Iloilo)
545,05 November 2018 - 11:05 AM,122.37,008,2.0,004 km N 38° W of Leon (Iloilo)
546,05 November 2018 - 10:54 AM,122.30,003,4.9,009 km S 89° W of Leon (Iloilo)
547,05 November 2018 - 10:42 AM,126.61,055,2.7,114 km S 74° E of Jose Abad Santos (Davao Occidental)
548,05 November 2018 - 09:22 AM,122.38,012,2.2,002 km N 42 W of Leon (Iloilo)
549,05 November 2018 - 09:18 AM,122.36,014,2.8,004 km S 69° W of Leon (Iloilo)
550,05 November 2018 - 08:46 AM,122.40,002,2.7,008 km N 09° E of Leon (Iloilo)
551,05 November 2018 - 07:46 AM,122.28,001,4.6,012 km N 88° W of Leon (Iloilo)
552,05 November 2018 - 07:45 AM,122.38,005,3.9,002 km S 29° W of Leon (Iloilo)
553,05 November 2018 - 07:29 AM,124.63,001,2.7,004 km S 60° W of Bumbaran (Lanao del Sur)
554,05 November 2018 - 07:26 AM,126.69,002,3.4,039 km N 77° E of Hinatuan (Surigao del Sur)
555,05 November 2018 - 07:20 AM,126.75,008,3.4,046 km N 83° E of Hinatuan (Surigao del Sur)
556,05 November 2018 - 07:09 AM,126.68,001,3.6,038 km N 79° E of Hinatuan (Surigao del Sur)
557,05 November 2018 - 05:48 AM,126.24,065,3.3,138 km S 38° E of Sarangani (Davao Occidental)
558,05 November 2018 - 05:37 AM,120.18,021,2.7,019 km S 83° W of Santa Catalina (Ilocos Sur)
559,05 November 2018 - 04:59 AM,119.31,018,2.8,064 km S 89° W of Palauig (Zambales)
560,05 November 2018 - 02:02 AM,126.75,059,2.8,143 km S 81° E of Sarangani (Davao Occidental)
561,05 November 2018 - 01:26 AM,123.96,001,2.1,037 km N 36° W of Pandan (Catanduanes)
562,05 November 2018 - 01:21 AM,126.89,147,2.4,069 km S 45° E of Tarragona (Davao Oriental)
563,04 November 2018 - 10:52 PM,127.40,091,2.8,206 km S 45° E of Governor Generoso (Davao Oriental)
564,04 November 2018 - 09:32 PM,120.45,031,2.0,012 km S 07° E of Santa Ignacia (Tarlac)
565,04 November 2018 - 09:27 PM,126.97,038,3.1,088 km S 41° E of Tarragona (Davao Oriental)
566,04 November 2018 - 09:02 PM,121.38,019,2.5,042 km N 48° E of Claveria (Cagayan)
567,04 November 2018 - 09:02 PM,123.91,032,1.7,014 km S 66° E of Bacaycay (Albay)
568,04 November 2018 - 06:47 PM,126.10,010,3.5,041 km S 03° E of Governor Generoso (Davao Oriental)
569,04 November 2018 - 06:27 PM,121.82,001,3.4,046 km N 85° E of Dingalan (Aurora)
570,04 November 2018 - 06:09 PM,124.20,007,2.3,008 km S 60° E of Rapu-rapu (Albay)
571,04 November 2018 - 04:07 PM,120.95,034,2.1,009 km S 84° E of Carasi (Ilocos Norte)
572,04 November 2018 - 03:55 PM,124.06,619,6.0,003 km N 73° W of Pualas (Lanao Del Sur)
573,04 November 2018 - 01:27 PM,126.08,001,3.4,079 km S 58° E of Sarangani (Davao Occidental)
574,04 November 2018 - 10:54 AM,125.26,020,2.4,009 km N 49° E of Hinunangan (Southern Leyte)
575,04 November 2018 - 10:42 AM,120.25,039,2.3,032 km S 48° W of Paluan (Occidental Mindoro)
576,04 November 2018 - 08:34 AM,121.79,006,2.0,034 km S 47° E of Baler (Aurora)
577,04 November 2018 - 06:08 AM,124.33,001,2.8,005 km S 71° E of Barira (Maguindanao)
578,04 November 2018 - 05:35 AM ,123.81,005,2.2,006 km N 57° E of San Fernando (Masbate)
579,04 November 2018 - 05:21 AM,127.37,004,4.2,115 km N 83° E of Hinatuan (Surigao Del Sur)
580,04 November 2018 - 05:19 AM,126.49,127,2.1,017 km S 29° W of Caraga (Davao Oriental)
581,04 November 2018 - 03:15 AM,124.59,012,2.6,089 km S 31° W of Maasim (Sarangani)
582,04 November 2018 - 02:36 AM,121.95,001,3.1,015 km N 04° W of Belison (Antique)
583,04 November 2018 - 01:10 AM,124.53,026,2.2,037 km N 28° E of Biri (Northern Samar)
584,04 November 2018 - 01:08 AM,126.70,033,1.7,046 km S 74° E of Marihatag (Surigao Del Sur)
585,04 November 2018 - 12:53 AM,124.08,032,1.7,006 km N 51° W of Rapu-rapu (Albay)
586,04 November 2018 - 12:51 AM,120.45,038,2.4,004 km S 38° W of Badoc (Ilocos Norte)
587,04 November 2018 - 12:34 AM,119.53,030,1.7,064 km S 72° W of San Antonio (Zambales)
588,03 November 2018 - 11:38 PM,120.39,109,1.8,026 km S 76° W of Nasugbu (Batangas)
589,03 November 2018 - 11:33 PM,125.92,138,2.7,106 km S 28° E of Sarangani (Davao Occidental)
590,03 November 2018 - 10:30 PM,120.43,066,1.8,002 km S 61° W of Santol (La Union)
591,03 November 2018 - 10:17 PM,126.79,008,2.5,047 km S 64° E of Lingig (Surigao del Sur)
592,03 November 2018 - 09:40 PM,121.01,004,2.1,001 km S 30° E of Ambaguio (Nueva Vizcaya)
593,03 November 2018 - 09:37 PM,124.63,029,1.7,050 km N 75° E of Prieto Diaz (Sorsogon)
594,03 November 2018 - 09:21 PM,121.56,013,2.9,007 km N 41° W of Quezon (Isabela)
595,03 November 2018 - 09:18 PM,124.96,014,2.0,063 km S 75° E of Gigmoto (Catanduanes)
596,03 November 2018 - 09:03 PM,124.97,004,2.5,068 km S 76° E of Baras (Catanduanes)
597,03 November 2018 - 08:39 PM,121.51,017,2.5,011 km N 64° W of Quezon (Isabela)
598,03 November 2018 - 08:33 PM,125.57,152,3.1,008 km S 14° W of Dinagat (Dinagat)
599,03 November 2018 - 08:04 PM,120.15,003,2.7,025 km S 21° W of Looc (Occidental Mindoro)
600,03 November 2018 - 05:25 PM,126.12,001,3.3,188 km S 22° E of Sarangani (Davao Occidental)
601,03 November 2018 - 05:08 PM,124.48,008,2.5,039 km N 60° E of Pandan (Catanduanes)
602,03 November 2018 - 02:32 PM,119.66,021,2.7,075 km N 83° W of Sanata Catalina (Ilocos Sur)
603,03 November 2018 - 11:54 AM,119.61,017,2.3,048 km S 54° W of Iba (Zambales)
604,03 November 2018 - 11:11 AM,120.59,125,2.2,023 km N 40° W of Abra De Ilog (Occidental Mindoro)
605,03 November 2018 - 09:16 AM,123.34,011,2.8,001 km S 37° E of La Libertad (Negros Oriental)
606,03 November 2018 - 06:18 AM,126.54,047,3.9,120 km S 58° E of Jose Abad Santos (Davao Occidental)
607,03 November 2018 - 05:09 AM,125.96,032,2.7,064 km S 36° E of Jose Abad Santos (Davao Occidental)
608,03 November 2018 - 05:08 AM,126.78,017,2.5,054 km N 65° E of Hinatuan (Surigao Del Sur)
609,03 November 2018 - 05:07 AM,120.15,007,2.4,033 km S 70° W of Candon City (Ilocos Sur)
610,03 November 2018 - 04:53 AM,123.67,031,1.7,005 km N 69° W of San Fernando (Cebu)
611,03 November 2018 - 04:43 AM,126.24,021,2.3,017 km S 58° E of General Luna (Surigao del Norte)
612,03 November 2018 - 04:39 AM,125.94,024,2.8,053 km N 78° E of Sarangani (Davao Occidental)
613,03 November 2018 - 04:29 AM,124.22,003,2.5,0049km North 00 of Danao (Bohol)
614,03 November 2018 - 01:04 AM,126.71,024,3.1,239 km S 35° E of Sarangani (Davao Occidental)
615,03 November 2018 - 01:04 AM,125.91,107,2.1,029 km S 54° E of Don Marcelino (Davao Occidental)
616,03 November 2018 - 12:17 AM,121.03,032,2.2,012 km N 53° E of Calintaan (Occidental Mindoro)
617,03 November 2018 - 12:09 AM,126.70,021,2.1,073 km S 23° E of Tarragona (Davao Oriental)
618,02 November 2018 - 11:17 PM,120.16,022,2.0,021 km S 27° W of Looc (Occidental Mindoro)
619,02 November 2018 - 10:34 PM,120.05,023,2.0,010 km S 15° E of Botolan (Zambales)
620,02 November 2018 - 10:23 PM,125.43,020,2.5,011 km S 13° W of Sulat (Eastern Samar)
621,02 November 2018 - 06:09 PM,120.05,026,2.1,012 km N 71° E of Anda (Pangasinan)
622,02 November 2018 - 05:05 PM,124.18,028,2.1,008 km N 14° W of Carmen (Bohol)
623,02 November 2018 - 11:18 AM,126.89,002,2.9,064 km N 75° E of Hinatuan (Surigao Del Sur)
624,02 November 2018 - 08:48 AM,124.06,001,3.4,002 km N 76° W of Sagbayan (Bohol)
625,02 November 2018 - 08:39 AM,126.60,008,2.7,032 km N 64° E of Hinatuan (Surigao Del Sur)
626,02 November 2018 - 06:24 AM,119.04,033,3.0,123 km S 67° W of San Antonio (Zambales)
627,02 November 2018 - 06:16 AM,120.68,023,2.9,008 km N 30° E of Burgos (Ilocos Norte)
628,02 November 2018 - 03:59 AM,126.88,009,3.2,061 km N 79° E of Hinatuan (Surigao Del Sur)
629,02 November 2018 - 02:25 AM,123.90,007,2.0,026 km S 55° W of San Vicente (Northern Samar)
630,02 November 2018 - 01:59 AM,125.01,033,2.0,042 km N 01° W of Laoang (Northern Samar)
631,02 November 2018 - 01:17 AM,126.51,031,2.0,004 km S 55° W of Manay (Davao Oriental)
632,02 November 2018 - 12:54 AM,126.89,159,2.8,079 km S 39° E of Tarragona (Davao Oriental)
633,02 November 2018 - 12:35 AM,126.63,004,2.6,034 km N 71° E of Hinatuan (Surigao Del Sur)
634,02 November 2018 - 12:20 AM,126.95,002,3.4,067 km N 85° E of Hinatuan (Surigao Del Sur)
635,01 November 2018 - 11:24 PM,125.19,003,3.0,002 km S 09° W of Hinunangan (Southern Leyte)
636,01 November 2018 - 10:29 PM,126.74,005,3.2,045 km N 84° E of Hinatuan (Surigao Del Sur)
637,01 November 2018 - 07:51 PM,126.28,004,3.0,039 km N 35° E of Burgos (Surigao Del Norte)
638,01 November 2018 - 03:58 PM,120.92,001,2.0,010 km S 35° E of Tingloy (Batangas)
639,01 November 2018 - 03:38 PM,126.05,015,2.6,023 km N 07° W of Burgos (Surigao del Norte)
640,01 November 2018 - 02:58 PM,120.63,112,2.0,017 km S 01° E of Calatagan (Batangas)
641,01 November 2018 - 02:01 PM,120.61,118,2.1,017 km S 09° W of Calatagan (Batangas)
642,01 November 2018 - 01:59 PM,126.83,001,3.5,056 km N 75° E of Hinatuan (Surigao Del Sur)
643,01 November 2018 - 12:57 PM,119.79,018,2.5,028 km S 46° W of Iba (Zambales)
644,01 November 2018 - 11:37 AM,123.65,001,2.2,068 km N 55° W of Pandan (Catanduanes)
645,01 November 2018 - 11:22 AM,122.56,019,2.2,056 km N 21° E of Jomalig (Quezon)
646,01 November 2018 - 09:56 AM,126.69,057,3.6,086 km S 52° E of Governor Generoso (Davao Occidental)
647,01 November 2018 - 08:14 AM,125.31,025,2.5,013 km S 68° W of Taft (Eastern Samar)
648,01 November 2018 - 05:24 AM,120.64,089,2.1,014 km S 03° E of Calatagan (Batangas)
649,01 November 2018 - 05:13 AM,121.77,002,2.2,047 km S 28° E of Baler (Aurora)
650,01 November 2018 - 03:52 AM,125.74,031,2.5,021 km S 21° E of Panabo City (Davao Del Norte)
651,01 November 2018 - 03:42 AM,120.31,018,2.4,015 km S 77° W of Santiago (Ilocos Sur)
652,01 November 2018 - 03:27 AM,126.79,023,2.7,035 km N 47° E of Baganga (Davao Oriental)
653,01 November 2018 - 03:09 AM,124.17,004,2.3,008 km N 43° W of Danao (Bohol)
654,01 November 2018 - 02:57 AM,124.91,002,3.2,015 km S 14° W of Tupi (South Cotabato)
655,01 November 2018 - 01:47 AM,126.36,020,3.1,101 km S 79° E of Sarangani (Davao Occidental)
656,01 November 2018 - 01:29 AM,119.80,033,2.3,060 km N 78° W of Bacnotan (La Union)
657,01 November 2018 - 12:40 AM,126.40,022,3.3,027 km N 51° E of Mati (Davao Oriental)
658,01 November 2018 - 12:06 AM,120.95,033,2.1,027 km S 19° E of Tingloy (Batangas)
